firstname,lastname,player_name,email,password,isPremium
Elsie,Edee,ElsieEde,Elsie.Edee@gmail.com,QNxFVVQL,True
Thalia,Horan,ThaliaHor,Thalia.Horan@gmail.com,Lzn5k,False
Kimberley,Roxanna,KimberleyRox,Kimberley.Roxanna@gmail.com,-dxEWbYDY,False
Briney,Gaspard,BrineyGas,Briney.Gaspard@gmail.com,0d.nmeGdhK6JhF,False
Melanie,Germann,MelanieGer,Melanie.Germann@gmail.com,xZOtI9VI3d4r,False
Roz,Chesna,RozChe,Roz.Chesna@gmail.com,R5XWhpm_wJ2,False
Romona,Gaal,RomonaGaa,Romona.Gaal@gmail.com,hWXJwRHCpQD,False
Estell,Madox,EstellMad,Estell.Madox@gmail.com,bGfdn,False
Audrie,Barbey,AudrieBar,Audrie.Barbey@gmail.com,Z8flMWs,True
Bertine,Viddah,BertineVid,Bertine.Viddah@gmail.com,soTxrJXj6ABDy,True
Arabel,Saree,ArabelSar,Arabel.Saree@gmail.com,vwH6TWbvO,False
Ilse,Dex,IlseDex,Ilse.Dex@gmail.com,PxVaPR5ysPi,False
Tina,Tyson,TinaTys,Tina.Tyson@gmail.com,L0cCYHcl,True
Jean,Sherfield,JeanShe,Jean.Sherfield@gmail.com,KCOgyh2,True
Blondelle,Jess,BlondelleJes,Blondelle.Jess@gmail.com,"JDgSSmp ",True
Marylou,Wu,MarylouWu,Marylou.Wu@gmail.com,Ct f8Sf1_,True
Madalyn,Raul,MadalynRau,Madalyn.Raul@gmail.com,2Jy_QfVr LSi,False
Jerry,Orlene,JerryOrl,Jerry.Orlene@gmail.com,Ww9WoqL0,False
Ayn,Friede,AynFri,Ayn.Friede@gmail.com,uwl4e4M vfN,True
Fanchon,Engdahl,FanchonEng,Fanchon.Engdahl@gmail.com,To42ijy,True
Roseline,Desai,RoselineDes,Roseline.Desai@gmail.com,WmlCnC3,False
Fred,Bates,FredBat,Fred.Bates@gmail.com,DzS- 3vTs,False
Eve,LaRue,EveLaR,Eve.LaRue@gmail.com,Mn2eMAs,True
Wynne,Gilbertson,WynneGil,Wynne.Gilbertson@gmail.com,5Rols.aq16g9C,False
Aeriela,Ade,AerielaAde,Aeriela.Ade@gmail.com,rUL.F3lYX3n,True
Rori,Olympium,RoriOly,Rori.Olympium@gmail.com,06Xhc YS,True
Ardenia,Dorine,ArdeniaDor,Ardenia.Dorine@gmail.com," sdOVqT28sV",True
Rebeca,Alice,RebecaAli,Rebeca.Alice@gmail.com,x8WC0,True
Dorthy,Doig,DorthyDoi,Dorthy.Doig@gmail.com,jQ9VhtNY04LluX,True
Mariann,Alisia,MariannAli,Mariann.Alisia@gmail.com," xK y ccjJP",False
Edee,Gower,EdeeGow,Edee.Gower@gmail.com,y7cFaQaO1Gf,True
Blondelle,Halsey,BlondelleHal,Blondelle.Halsey@gmail.com,t 43UukeLt,False
Aimil,Rillings,AimilRil,Aimil.Rillings@gmail.com,Owh2ZOj.KVE5,False
Sheree,Lilas,ShereeLil,Sheree.Lilas@gmail.com,fwOHPRCWoVo,False
Cacilie,Goddard,CacilieGod,Cacilie.Goddard@gmail.com,YLjiU,False
Jacquetta,Rona,JacquettaRon,Jacquetta.Rona@gmail.com,dEljT4xLrW2T5_n,False
Corry,Barrus,CorryBar,Corry.Barrus@gmail.com,duDedBEnPSih_,False
Valera,Codding,ValeraCod,Valera.Codding@gmail.com,"CdS2g ",False
Mildrid,Heisel,MildridHei,Mildrid.Heisel@gmail.com,L4W-Cl6K,False
Damaris,Ochs,DamarisOch,Damaris.Ochs@gmail.com,hg13NXuD5zHp,False
Jillayne,Levey,JillayneLev,Jillayne.Levey@gmail.com,cuYFCJYy,True
Leeanne,Selway,LeeanneSel,Leeanne.Selway@gmail.com,uEC1Ub,True
Linzy,Mitzi,LinzyMit,Linzy.Mitzi@gmail.com,rJ5RLWSWT0.CM,True
Silvana,Kauppi,SilvanaKau,Silvana.Kauppi@gmail.com,UlkC9Frj4zy9Q,False
Linzy,Israeli,LinzyIsr,Linzy.Israeli@gmail.com,c_KFgtSKK_IbZ1N,False
Britni,Ashok,BritniAsh,Britni.Ashok@gmail.com,c6YZwqCHZX7x,True
Tani,Rese,TaniRes,Tani.Rese@gmail.com,Eiq4YjFN,False
Fayre,Santoro,FayreSan,Fayre.Santoro@gmail.com,tSzvpAlS93LtO,True
Kalina,Lindemann,KalinaLin,Kalina.Lindemann@gmail.com,Li7Q6qg18OG,False
Nadine,Arathorn,NadineAra,Nadine.Arathorn@gmail.com,TNCNj,True
Fidelia,Gibbeon,FideliaGib,Fidelia.Gibbeon@gmail.com,LvxP_dW bPi,False
Antonietta,Graig,AntoniettaGra,Antonietta.Graig@gmail.com,RkCtYKt0xj12T,False
Melanie,Redmond,MelanieRed,Melanie.Redmond@gmail.com,0K-O.G83EJIx.m,False
Britni,Nunci,BritniNun,Britni.Nunci@gmail.com,ncnyCPTVpvu,True
Tierney,Hoenack,TierneyHoe,Tierney.Hoenack@gmail.com,qKEnJzO C-B,True
Imojean,Kress,ImojeanKre,Imojean.Kress@gmail.com,jUZMUeL. - 7,False
Brana,Brandice,BranaBra,Brana.Brandice@gmail.com,K01YJqSWQ,True
Andeee,Monk,AndeeeMon,Andeee.Monk@gmail.com,vOPAdDa0t.J,False
Molli,Miru,MolliMir,Molli.Miru@gmail.com,wR2-fEu,True
Andree,Chrystel,AndreeChr,Andree.Chrystel@gmail.com,coiFk6GvPVv,False
Rosabelle,Pettiford,RosabellePet,Rosabelle.Pettiford@gmail.com,yMNacSmU33W,True
Misha,Mozelle,MishaMoz,Misha.Mozelle@gmail.com,"GGmxw i0o ",True
Georgetta,Screens,GeorgettaScr,Georgetta.Screens@gmail.com,s1DuOm86Z20G1eM,True
Mamie,Sacken,MamieSac,Mamie.Sacken@gmail.com,_h5LCfbLk3ue2Vy,True
Stacey,Ciro,StaceyCir,Stacey.Ciro@gmail.com,w_ByGp,True
Ann-Marie,Dowski,Ann-MarieDow,Ann-Marie.Dowski@gmail.com,hgy2nz6xvNFjDn,True
Nariko,Schwejda,NarikoSch,Nariko.Schwejda@gmail.com,TOidH,False
Andree,Zachary,AndreeZac,Andree.Zachary@gmail.com,RUtIZt d,True
Helena,Evangelia,HelenaEva,Helena.Evangelia@gmail.com,OJOG65iYa,False
Gilda,Dyche,GildaDyc,Gilda.Dyche@gmail.com,GwQWk,True
Lacie,Merell,LacieMer,Lacie.Merell@gmail.com,8IeVa7,True
Dorene,Lytton,DoreneLyt,Dorene.Lytton@gmail.com,22LMRG77,True
Edyth,Si,EdythSi,Edyth.Si@gmail.com,BfnhPL PSh9q6Qh,True
Millie,Prouty,MilliePro,Millie.Prouty@gmail.com,.FVbFqrVr,False
Maye,Suanne,MayeSua,Maye.Suanne@gmail.com,zIHO34TQm,True
Elsie,Dimitris,ElsieDim,Elsie.Dimitris@gmail.com,n5fyNrDlHLsZWh3,True
Krystle,Germann,KrystleGer,Krystle.Germann@gmail.com,PVcHZqgmq-P2h-S,False
Eolanda,Anderea,EolandaAnd,Eolanda.Anderea@gmail.com,eUb-fTzy7YMS,True
Verla,Talia,VerlaTal,Verla.Talia@gmail.com,eawEYpkSN,False
Miquela,Lattie,MiquelaLat,Miquela.Lattie@gmail.com,qnIHNy7OvKpb,False
Caritta,Carolin,CarittaCar,Caritta.Carolin@gmail.com,UIuqdX1lJsuR,False
Karolina,Jerold,KarolinaJer,Karolina.Jerold@gmail.com,Fzri4WyZVCVx0FG,True
Courtnay,Sawtelle,CourtnaySaw,Courtnay.Sawtelle@gmail.com,z7sc2mu,False
Lelah,Rad,LelahRad,Lelah.Rad@gmail.com,VvgqUX,False
Inga,Percy,IngaPer,Inga.Percy@gmail.com,uBd4QHpLulIa,True
Raf,Berl,RafBer,Raf.Berl@gmail.com,YErBPLkQlzVI,False
Jaclyn,Orpah,JaclynOrp,Jaclyn.Orpah@gmail.com,pcBW6udV,False
Vivia,Willie,ViviaWil,Vivia.Willie@gmail.com,KwQMugGW.Q,True
Elvira,Ambrosia,ElviraAmb,Elvira.Ambrosia@gmail.com,a_u7D1gctsc,False
Hayley,Kaete,HayleyKae,Hayley.Kaete@gmail.com,inYJniUVVQEr3,True
Brynna,Howlyn,BrynnaHow,Brynna.Howlyn@gmail.com,__P7D7z9AesA,True
Betta,Melony,BettaMel,Betta.Melony@gmail.com,Ffgn8l_GWt2ul,False
Xylina,Behre,XylinaBeh,Xylina.Behre@gmail.com,ej._JY,False
Jacenta,Holtz,JacentaHol,Jacenta.Holtz@gmail.com,"GR4Rsfk7 ",True
Nonnah,Grayce,NonnahGra,Nonnah.Grayce@gmail.com,MyFXaV.A2A,True
Orelia,Bashemeth,OreliaBas,Orelia.Bashemeth@gmail.com,Q gYF,True
Sean,Primalia,SeanPri,Sean.Primalia@gmail.com,J8Me_aVpnzu249,True
Codie,Candy,CodieCan,Codie.Candy@gmail.com,nV1oE.X-9e,True
Andree,Kesley,AndreeKes,Andree.Kesley@gmail.com,sWVuV7kf,False
Carlie,Thema,CarlieThe,Carlie.Thema@gmail.com,beMVX WhS2,False
Nollie,Sadowski,NollieSad,Nollie.Sadowski@gmail.com,u7v_ibto,True
Helsa,Brunell,HelsaBru,Helsa.Brunell@gmail.com,zVY9W,False
Ezmeralda,Delp,EzmeraldaDel,Ezmeralda.Delp@gmail.com,aBqdtvH0Urz,False
Lusa,Gerge,LusaGer,Lusa.Gerge@gmail.com,uEWWpd,False
Carilyn,Sekofski,CarilynSek,Carilyn.Sekofski@gmail.com,P0Zbf,True
Elbertina,Izaak,ElbertinaIza,Elbertina.Izaak@gmail.com,jABxe3GsBgH0J,False
Gusty,Abram,GustyAbr,Gusty.Abram@gmail.com,X92TevRx,False
Doralynne,Parsaye,DoralynnePar,Doralynne.Parsaye@gmail.com,EYiJaP,False
Goldie,Latini,GoldieLat,Goldie.Latini@gmail.com,JMJE7aue5IX,True
Lauryn,Brady,LaurynBra,Lauryn.Brady@gmail.com,c7ohWH,True
Delilah,Juliet,DelilahJul,Delilah.Juliet@gmail.com,PJ04aKtE,True
Dianemarie,Rossner,DianemarieRos,Dianemarie.Rossner@gmail.com,1A1X-KB,False
Bobinette,Hieronymus,BobinetteHie,Bobinette.Hieronymus@gmail.com,q8smY9PHM,True
Cindelyn,Berriman,CindelynBer,Cindelyn.Berriman@gmail.com,CwNPv-CAApKC,True
Nonnah,Anyah,NonnahAny,Nonnah.Anyah@gmail.com,OYLKp6qXrG1UQD,False
Talya,Eachern,TalyaEac,Talya.Eachern@gmail.com,rwm5FWq,False
Larine,Deegan,LarineDee,Larine.Deegan@gmail.com,1gBmh6TH.,False
Jsandye,Masao,JsandyeMas,Jsandye.Masao@gmail.com,cFI.NPfqI.5,False
Emilia,Susannah,EmiliaSus,Emilia.Susannah@gmail.com,pZ7aeD2l,True
Lory,Mike,LoryMik,Lory.Mike@gmail.com," MOGp_uN7a",False
Emma,Roumell,EmmaRou,Emma.Roumell@gmail.com,a-7j8,True
Steffane,Lia,SteffaneLia,Steffane.Lia@gmail.com,dwacyTyUCVd,True
Gwenneth,Caitlin,GwennethCai,Gwenneth.Caitlin@gmail.com,kZH9jM_gLx2Bii6,False
Nickie,Carri,NickieCar,Nickie.Carri@gmail.com,3b4UOSDwec7TL,False
Frances,Chick,FrancesChi,Frances.Chick@gmail.com,edPNUM,True
Gloria,Wenda,GloriaWen,Gloria.Wenda@gmail.com,x2se-E,False
Tersina,Roscoe,TersinaRos,Tersina.Roscoe@gmail.com,MiN4VRvzatND-,True
Calla,Dimitris,CallaDim,Calla.Dimitris@gmail.com,wXtYaUmmwI23,True
Fawne,Romelda,FawneRom,Fawne.Romelda@gmail.com,NrEkZa7IwrXy,True
Gusella,Marcellus,GusellaMar,Gusella.Marcellus@gmail.com,WuDd2,True
Belva,Hubert,BelvaHub,Belva.Hubert@gmail.com,u7eF6E5REDrMTh,True
Mathilda,Fink,MathildaFin,Mathilda.Fink@gmail.com,ma9B8q9m,True
Valeda,Adamsen,ValedaAda,Valeda.Adamsen@gmail.com,BdfVFAx,False
Yvonne,Rillings,YvonneRil,Yvonne.Rillings@gmail.com,mpCAlQl4HmoO,False
Rani,Beebe,RaniBee,Rani.Beebe@gmail.com,BZVUVsbmy6i,True
Dulcinea,Leler,DulcineaLel,Dulcinea.Leler@gmail.com,DlyHCCV7Q5Sy6,True
Charissa,Naashom,CharissaNaa,Charissa.Naashom@gmail.com,"x-7Gz2KTLEkM ",False
Dale,Katrine,DaleKat,Dale.Katrine@gmail.com,BO9Zh m_7W-EM9,False
Layla,Posner,LaylaPos,Layla.Posner@gmail.com,_K0Pd,True
Lelah,Turne,LelahTur,Lelah.Turne@gmail.com,B5ZS6in_3u_22c,False
Renie,Tamar,RenieTam,Renie.Tamar@gmail.com,vZgjMeoX,True
Neila,Tarrant,NeilaTar,Neila.Tarrant@gmail.com,08_-VGiV1- F,True
Ofilia,Vale,OfiliaVal,Ofilia.Vale@gmail.com,t7jhuxrV5OFX8D,True
Danika,Hewitt,DanikaHew,Danika.Hewitt@gmail.com,28_FibHwzfo3MNL,False
Dianemarie,Autrey,DianemarieAut,Dianemarie.Autrey@gmail.com,B46gF 74491Ffl,True
Rani,Dosia,RaniDos,Rani.Dosia@gmail.com,v 1Q1Ek,True
Ursulina,Schwejda,UrsulinaSch,Ursulina.Schwejda@gmail.com,"_ci vAd-TTM ",False
Tierney,Kauppi,TierneyKau,Tierney.Kauppi@gmail.com,sUj hiCU,True
Chandra,Hepsibah,ChandraHep,Chandra.Hepsibah@gmail.com,f6bbF,False
Mariele,Berriman,MarieleBer,Mariele.Berriman@gmail.com,5AN6_-gAihvBGT,True
Patricia,Leler,PatriciaLel,Patricia.Leler@gmail.com,9kj9WgfsERYdg,False
Beverley,Carey,BeverleyCar,Beverley.Carey@gmail.com," 8NN-uXZy5hs09y",False
Concettina,Alcott,ConcettinaAlc,Concettina.Alcott@gmail.com,-nYzhK,False
Nanete,Pierette,NanetePie,Nanete.Pierette@gmail.com,CoEY -,True
Meg,Means,MegMea,Meg.Means@gmail.com,pEZNpVI,False
Joane,Sasnett,JoaneSas,Joane.Sasnett@gmail.com,5EfFN6rh_r,False
Janey,Vale,JaneyVal,Janey.Vale@gmail.com,7MhXW,True
Sharlene,Ajay,SharleneAja,Sharlene.Ajay@gmail.com,JK9baTXLTxjTU,False
Dione,Schalles,DioneSch,Dione.Schalles@gmail.com,"1_3b ",False
Millie,Thad,MillieTha,Millie.Thad@gmail.com,"2Z2fL9P1mJhnH ",False
Basia,Fiester,BasiaFie,Basia.Fiester@gmail.com,PvhuO,False
Gabriellia,Taima,GabrielliaTai,Gabriellia.Taima@gmail.com,NmJS1K0yiXS,True
Modestia,Plato,ModestiaPla,Modestia.Plato@gmail.com,"LE_cRVs ",True
Ingrid,Weaks,IngridWea,Ingrid.Weaks@gmail.com,daHjq.K,False
Alie,Lunsford,AlieLun,Alie.Lunsford@gmail.com,6T_HIGb,False
Tiffie,Ulphia,TiffieUlp,Tiffie.Ulphia@gmail.com,KcXmRAy U.9aq,False
Queenie,Imelida,QueenieIme,Queenie.Imelida@gmail.com,qV.YZ,True
Cordi,Leary,CordiLea,Cordi.Leary@gmail.com,FPA QGpk157VNe-,True
Lila,Tannie,LilaTan,Lila.Tannie@gmail.com,tIpLMxJW1kCu48,False
Judy,Catie,JudyCat,Judy.Catie@gmail.com,DMLbzK0OwrwW,True
Fredericka,Cleavland,FrederickaCle,Fredericka.Cleavland@gmail.com,eWSDso403lR,True
Elfreda,Shama,ElfredaSha,Elfreda.Shama@gmail.com,oCUcTwpL2,True
Vivia,Lubin,ViviaLub,Vivia.Lubin@gmail.com,179ey,True
Nadine,Pip,NadinePip,Nadine.Pip@gmail.com,H-_ .r5oZ,True
Jan,Pascia,JanPas,Jan.Pascia@gmail.com," nWK21 qG0mq",True
Wilma,Moseley,WilmaMos,Wilma.Moseley@gmail.com,Z eJM,False
Jessamyn,Publia,JessamynPub,Jessamyn.Publia@gmail.com,v2fafPr4q5,True
Bill,Podvin,BillPod,Bill.Podvin@gmail.com,Df50RKISqU2Q_bG,False
Raquela,Barrus,RaquelaBar,Raquela.Barrus@gmail.com,SDDreGYEVF-UH,True
Goldie,Tremayne,GoldieTre,Goldie.Tremayne@gmail.com,Og3oUA_lPGSm,True
June,Kylander,JuneKyl,June.Kylander@gmail.com,QYSYxnAobvOW Nx,False
Kalina,Prober,KalinaPro,Kalina.Prober@gmail.com,WVidEzOQDsA-,False
Darlleen,Zuzana,DarlleenZuz,Darlleen.Zuzana@gmail.com,uj9oZdYn-4QPX2,True
Stevana,Chem,StevanaChe,Stevana.Chem@gmail.com,dajzLmI,True
Mariann,Camden,MariannCam,Mariann.Camden@gmail.com,p4SP_D,False
Wendi,Blake,WendiBla,Wendi.Blake@gmail.com,1J4dgj2zXq.P Iu,False
Lila,Noelyn,LilaNoe,Lila.Noelyn@gmail.com,wCOJlXdoBxmI,False
Natka,Markman,NatkaMar,Natka.Markman@gmail.com,.xr0j-MNS7vr,True
Wileen,Mullane,WileenMul,Wileen.Mullane@gmail.com," 6.t2u",True
Cordi,Byrne,CordiByr,Cordi.Byrne@gmail.com,pQ-6w,False
Gale,Mozelle,GaleMoz,Gale.Mozelle@gmail.com,MchA_gi1,False
Inga,Sundin,IngaSun,Inga.Sundin@gmail.com,eg_G2P1OXvD31b,True
Georgina,Gunn,GeorginaGun,Georgina.Gunn@gmail.com,eRYRpp,False
Harmonia,Cherianne,HarmoniaChe,Harmonia.Cherianne@gmail.com,HbWI0jxt,False
Marcelline,Harl,MarcellineHar,Marcelline.Harl@gmail.com,y5pHVzVOk,False
Josephine,Georas,JosephineGeo,Josephine.Georas@gmail.com,myWT5U_zuOS4mc,False
Janis,Adlare,JanisAdl,Janis.Adlare@gmail.com,r 9SZ,False
Magdalena,Loeb,MagdalenaLoe,Magdalena.Loeb@gmail.com,zah8ggKcIRL,True
Zia,Reneta,ZiaRen,Zia.Reneta@gmail.com,zatNWj2_4,False
Catharine,Gino,CatharineGin,Catharine.Gino@gmail.com,I2YqO,False
Orsola,Leffen,OrsolaLef,Orsola.Leffen@gmail.com,h8aw7XMxujkWbws,True
Hildegaard,Goerke,HildegaardGoe,Hildegaard.Goerke@gmail.com,UAA9A I,True
Darlleen,Madaih,DarlleenMad,Darlleen.Madaih@gmail.com,qyDJ_1l,False
Merry,Louanna,MerryLou,Merry.Louanna@gmail.com,sKAWVJAtCCsW,True
Sherrie,Fontana,SherrieFon,Sherrie.Fontana@gmail.com,JIrCXw,False
Nickie,Philoo,NickiePhi,Nickie.Philoo@gmail.com,HtBA96Gjl1,True
Thalia,Isidore,ThaliaIsi,Thalia.Isidore@gmail.com,g5JTiSohX3zK,True
Katharina,Ackerley,KatharinaAck,Katharina.Ackerley@gmail.com,IrsVD3j_4P9yxSG,True
Rhoda,Honoria,RhodaHon,Rhoda.Honoria@gmail.com,rbQH._udA8mhxK,False
Gabi,Seligman,GabiSel,Gabi.Seligman@gmail.com,PJIah,False
Brynna,Hathaway,BrynnaHat,Brynna.Hathaway@gmail.com,YDs-oX0X,True
Barbara,Masao,BarbaraMas,Barbara.Masao@gmail.com,jKO_mwZNt,False
Camile,Rustice,CamileRus,Camile.Rustice@gmail.com,4FRk.Vx1,True
Gerianna,Mintz,GeriannaMin,Gerianna.Mintz@gmail.com,VeRSc NVJfrP,False
Suzette,Zachary,SuzetteZac,Suzette.Zachary@gmail.com,Rnfu4,False
Monika,Ophelia,MonikaOph,Monika.Ophelia@gmail.com," GeUheoGnS",False
Consuela,Strephon,ConsuelaStr,Consuela.Strephon@gmail.com,U8W-a,True
Cissiee,Raul,CissieeRau,Cissiee.Raul@gmail.com,Xu1QU_W0Z,True
Nananne,Gert,NananneGer,Nananne.Gert@gmail.com,KGC48,True
Zaria,Ader,ZariaAde,Zaria.Ader@gmail.com,ynzvQ_h5yn8AO,True
Brooks,Deegan,BrooksDee,Brooks.Deegan@gmail.com,VvZfc3491u _,True
Lenna,Rogerio,LennaRog,Lenna.Rogerio@gmail.com,Rm.cuzqIIMED5l,True
Dorothy,Schlosser,DorothySch,Dorothy.Schlosser@gmail.com,G8UDD,True
Britte,Urania,BritteUra,Britte.Urania@gmail.com,UbQ0Psq,True
Wileen,Nicoline,WileenNic,Wileen.Nicoline@gmail.com,J7tF0-AYhC,True
Pollyanna,Ashely,PollyannaAsh,Pollyanna.Ashely@gmail.com,Da9T_4PvIJfna,False
Andeee,Kalinda,AndeeeKal,Andeee.Kalinda@gmail.com,yGSG1_PdsNEZ,False
Henriette,Gombach,HenrietteGom,Henriette.Gombach@gmail.com,7Oxfr,True
Layla,Haymes,LaylaHay,Layla.Haymes@gmail.com,h.jXHI8,True
Tani,Kenney,TaniKen,Tani.Kenney@gmail.com,-8RHG,False
Noelle,Erminia,NoelleErm,Noelle.Erminia@gmail.com,ohgdKOs_26LEh5,True
Nickie,Kevon,NickieKev,Nickie.Kevon@gmail.com,HMDUT,False
Nariko,Hunfredo,NarikoHun,Nariko.Hunfredo@gmail.com," jQ1QoNbDMzY ",False
Bertine,Bari,BertineBar,Bertine.Bari@gmail.com,PHn2.nSB8k_sbR3,False
Calla,Urania,CallaUra,Calla.Urania@gmail.com,tYCUr_FxTehu6,True
Melodie,Nunci,MelodieNun,Melodie.Nunci@gmail.com,Ak0y4Lc8nlSK,True
Gertrud,Suanne,GertrudSua,Gertrud.Suanne@gmail.com,AO40 N6vQtbOcBw,False
Cristine,Isacco,CristineIsa,Cristine.Isacco@gmail.com,yN9Urf29g,True
Chastity,Lamoree,ChastityLam,Chastity.Lamoree@gmail.com,H9ze_-Yg9o,True
Kristan,Shanley,KristanSha,Kristan.Shanley@gmail.com,78mCyLiFRP,False
Joleen,Suk,JoleenSuk,Joleen.Suk@gmail.com,dZFUvd,False
Ivett,Malina,IvettMal,Ivett.Malina@gmail.com,Zyy4Q CW,True
Cam,Santoro,CamSan,Cam.Santoro@gmail.com,AS5-CECwNA,True
Cyb,Buckler,CybBuc,Cyb.Buckler@gmail.com,"rF T7U8NP ",True
Suzette,Goerke,SuzetteGoe,Suzette.Goerke@gmail.com,uBxB1jU-G,False
Yvonne,Faro,YvonneFar,Yvonne.Faro@gmail.com,ZV_ZQhZtTH,True
Daphne,Poppy,DaphnePop,Daphne.Poppy@gmail.com,z1Ljdy.oYXg,True
Livvyy,Leopold,LivvyyLeo,Livvyy.Leopold@gmail.com,"dUN3Hz ",False
Libbie,Syd,LibbieSyd,Libbie.Syd@gmail.com,O3qfVr3b,False
Janeczka,Dorothy,JaneczkaDor,Janeczka.Dorothy@gmail.com,hLxAGylUpeOMJ13,True
Tersina,Howlyn,TersinaHow,Tersina.Howlyn@gmail.com,a4rFHQc9A-,True
Raina,Keelia,RainaKee,Raina.Keelia@gmail.com,5rqs23QWnlfkD,True
Deirdre,Bari,DeirdreBar,Deirdre.Bari@gmail.com,rkKQ0ujmTes9,False
Danny,Helfand,DannyHel,Danny.Helfand@gmail.com,fgv7hrOJ o,True
Aaren,Wandie,AarenWan,Aaren.Wandie@gmail.com,DFBXO5XzFt1pp,True
Deane,Ethban,DeaneEth,Deane.Ethban@gmail.com,YraOB-KYsJxCwk,False
Brooks,Garbe,BrooksGar,Brooks.Garbe@gmail.com,-mfNWlG9dJxPQ,True
Ilse,Dituri,IlseDit,Ilse.Dituri@gmail.com,94NZR1B,False
Sallie,Lilas,SallieLil,Sallie.Lilas@gmail.com,bWf.kNXO1T,False
Riannon,Thar,RiannonTha,Riannon.Thar@gmail.com,ZyawpHJdWy35,False
Carol-Jean,Oneida,Carol-JeanOne,Carol-Jean.Oneida@gmail.com,PPsoXm,True
Karlee,Malvino,KarleeMal,Karlee.Malvino@gmail.com,tRmmH-0,True
Yvonne,Gale,YvonneGal,Yvonne.Gale@gmail.com," K5Qp_TRDTBF",True
Dolli,Ephrem,DolliEph,Dolli.Ephrem@gmail.com,m5xx.CiiCO_88,False
Melanie,Granoff,MelanieGra,Melanie.Granoff@gmail.com,b9EKTraB,True
Malina,Penelopa,MalinaPen,Malina.Penelopa@gmail.com,gDwXwJB-c,True
Nerta,Letsou,NertaLet,Nerta.Letsou@gmail.com,t1LJbnipJu1q,False
Elie,Marijo,ElieMar,Elie.Marijo@gmail.com,BkR7TWIGgovSNnU,True
Rani,O'Rourke,RaniO'R,Rani.O'Rourke@gmail.com,1 hAaZkA,True
Melina,Paton,MelinaPat,Melina.Paton@gmail.com,y5yPdoJyth,False
Linzy,Iaverne,LinzyIav,Linzy.Iaverne@gmail.com,Uy B8.BSY,True
Caritta,Faro,CarittaFar,Caritta.Faro@gmail.com,.JzB kCryki,True
Joceline,Mauer,JocelineMau,Joceline.Mauer@gmail.com,VK1oFIP-mf fo,False
Constance,Noman,ConstanceNom,Constance.Noman@gmail.com,JfFNt.wIEZ7d7f,False
Lonnie,My,LonnieMy,Lonnie.My@gmail.com,FX.gZ2Q,False
Allis,Felizio,AllisFel,Allis.Felizio@gmail.com,CQInznQp9,False
Wilma,Shirberg,WilmaShi,Wilma.Shirberg@gmail.com,gUoUFv8cTZ.T,True
Kalina,Henrie,KalinaHen,Kalina.Henrie@gmail.com,i3Kjr,False
Emmey,Myrilla,EmmeyMyr,Emmey.Myrilla@gmail.com,T-ZZdweUwVGu2,True
Agnese,Freddi,AgneseFre,Agnese.Freddi@gmail.com,xNl NY0dqI.CY5L,True
Aeriela,Corabella,AerielaCor,Aeriela.Corabella@gmail.com,BjPLpfbk.A,True
Emilia,Rodmann,EmiliaRod,Emilia.Rodmann@gmail.com,SpAc-2UnQn-A9,True
Veda,LaRue,VedaLaR,Veda.LaRue@gmail.com,e2sEs4nV_,True
Jean,Nedrud,JeanNed,Jean.Nedrud@gmail.com," EGDqE",False
Dennie,Salvidor,DennieSal,Dennie.Salvidor@gmail.com,Uh4SyCl,True
Flo,Montgomery,FloMon,Flo.Montgomery@gmail.com,Lfcg6sCo,False
Marleah,Miru,MarleahMir,Marleah.Miru@gmail.com,M BOi,False
Tonia,Faso,ToniaFas,Tonia.Faso@gmail.com,.Ujzm6zUHlKFGNI,True
Georgetta,Wittie,GeorgettaWit,Georgetta.Wittie@gmail.com,KekYl,True
Liana,Vivle,LianaViv,Liana.Vivle@gmail.com,fUJwHm,False
Marinna,Solitta,MarinnaSol,Marinna.Solitta@gmail.com,W .s6yuJTFfV,False
Philis,Odell,PhilisOde,Philis.Odell@gmail.com,LZaD9it,True
Clarice,Camden,ClariceCam,Clarice.Camden@gmail.com,kIbxH7Z57Ggrlp6,True
Etta,Faria,EttaFar,Etta.Faria@gmail.com,8 ro9m,True
Coral,Daveta,CoralDav,Coral.Daveta@gmail.com,4tLB4,True
Tobe,Graig,TobeGra,Tobe.Graig@gmail.com,"XuaXq.wU B ",True
Inga,Sprage,IngaSpr,Inga.Sprage@gmail.com,Z6G2gZJ,True
Selma,Fadiman,SelmaFad,Selma.Fadiman@gmail.com,.VaGR10l 6PHL1y,True
Concettina,Philoo,ConcettinaPhi,Concettina.Philoo@gmail.com,ZLjzhKWstTIn1u,True
Lynea,Waldron,LyneaWal,Lynea.Waldron@gmail.com,-skj4s8mUJ0,True
Britni,Sherrie,BritniShe,Britni.Sherrie@gmail.com,iX4J21EITAy3,False
Bernardine,Prouty,BernardinePro,Bernardine.Prouty@gmail.com,75t6-1l0Z.Jt5,False
Jennica,Tiffa,JennicaTif,Jennica.Tiffa@gmail.com,ShknRz4G.iVn8e,False
Rhoda,Gert,RhodaGer,Rhoda.Gert@gmail.com,ZA8mFOD,True
Natka,Lalitta,NatkaLal,Natka.Lalitta@gmail.com,ldhQRGz-OUU,True
Kenna,Ivens,KennaIve,Kenna.Ivens@gmail.com,Q_kYZoKVKnLlE,True
Britni,Eben,BritniEbe,Britni.Eben@gmail.com,EJJj1rXwAMs,False
Wilma,Fillbert,WilmaFil,Wilma.Fillbert@gmail.com,bf4zm1fG7XMkv,True
Jenilee,Stefa,JenileeSte,Jenilee.Stefa@gmail.com,IbEBPBa,False
Fawne,Parsaye,FawnePar,Fawne.Parsaye@gmail.com,YBCNqWEcMak,False
Di,Bandeen,DiBan,Di.Bandeen@gmail.com,RrUY LRI-TKIQJ,False
Roslyn,Wyn,RoslynWyn,Roslyn.Wyn@gmail.com,RIaUYc4B,False
Selma,Ellerey,SelmaEll,Selma.Ellerey@gmail.com,zpMvutai-Ek.Oh,True
Roseline,Gunn,RoselineGun,Roseline.Gunn@gmail.com,jEefTK dmNJzc,True
Deirdre,Sacken,DeirdreSac,Deirdre.Sacken@gmail.com,ku7a.GAqKrA,False
Giustina,Delacourt,GiustinaDel,Giustina.Delacourt@gmail.com,vDaQIy ztjVo,True
Mara,Lucienne,MaraLuc,Mara.Lucienne@gmail.com,a- 8piJK0KpZY--,True
Coral,Llovera,CoralLlo,Coral.Llovera@gmail.com,KpupJ_ZHSZcJ,False
Blake,Rhu,BlakeRhu,Blake.Rhu@gmail.com,usGxxOLK pthQ,True
Brooks,Graig,BrooksGra,Brooks.Graig@gmail.com,9u.k_bziKy,False
Laurene,Valoniah,LaureneVal,Laurene.Valoniah@gmail.com,luGWdmnOUiyw6,False
Lorenza,Hebner,LorenzaHeb,Lorenza.Hebner@gmail.com,_._DsCggrZ,False
Hettie,Faust,HettieFau,Hettie.Faust@gmail.com,BHqU_XYmjr,False
Edyth,Cadmar,EdythCad,Edyth.Cadmar@gmail.com,a -8UbJ2SySenP,False
Lolita,Auberbach,LolitaAub,Lolita.Auberbach@gmail.com,"3c_XiSypw ",False
Ardeen,Brackely,ArdeenBra,Ardeen.Brackely@gmail.com,yyhOuyzVQ._WbB,False
Jessy,Brodench,JessyBro,Jessy.Brodench@gmail.com,PKqFM,False
Amii,Weinreb,AmiiWei,Amii.Weinreb@gmail.com,9DGOvIhzO1.,True
Gale,Norrie,GaleNor,Gale.Norrie@gmail.com,aBJvxL,False
Gratia,Ailyn,GratiaAil,Gratia.Ailyn@gmail.com," 3-eR_dww23wrO",True
Amelia,Jillane,AmeliaJil,Amelia.Jillane@gmail.com,djZXZVw,False
Lynnea,Woodberry,LynneaWoo,Lynnea.Woodberry@gmail.com,bXa 8m8kNh,True
Carilyn,Jacinda,CarilynJac,Carilyn.Jacinda@gmail.com,kI2rXviDN pvuQT,True
Kaja,Adlare,KajaAdl,Kaja.Adlare@gmail.com,vwt Ju.lL,False
Sabina,Hilbert,SabinaHil,Sabina.Hilbert@gmail.com,HN.5yBDPZ,True
Ariela,Klemperer,ArielaKle,Ariela.Klemperer@gmail.com,.kDpF1vl,True
Carree,Maribeth,CarreeMar,Carree.Maribeth@gmail.com,m5dc76-MR,False
Kassey,Brotherson,KasseyBro,Kassey.Brotherson@gmail.com,N8klWfw,False
Ayn,Oriana,AynOri,Ayn.Oriana@gmail.com,VX1LegMCaH,True
Atlanta,My,AtlantaMy,Atlanta.My@gmail.com,EnVQc W3l,False
Christian,Lalitta,ChristianLal,Christian.Lalitta@gmail.com,0qFZ3oqwfUJkS,True
Vonny,Kylander,VonnyKyl,Vonny.Kylander@gmail.com,c-dKYIrg8tUexFQ,False
Ginnie,Faria,GinnieFar,Ginnie.Faria@gmail.com,LD37 A-lJUIU,True
Brynna,Keelia,BrynnaKee,Brynna.Keelia@gmail.com,Co99l,True
Benita,Percy,BenitaPer,Benita.Percy@gmail.com,N1Y7yuOAwr H,True
Dorothy,Seumas,DorothySeu,Dorothy.Seumas@gmail.com,cy F3bYj..EjMvW,False
Maud,Hieronymus,MaudHie,Maud.Hieronymus@gmail.com,"eURSKf_ZAJAe ",False
Diena,Barrus,DienaBar,Diena.Barrus@gmail.com,b__9CzgjAAGNcY,False
Sybille,Rudolph,SybilleRud,Sybille.Rudolph@gmail.com,biDJ-eQ5pLtWS,True
Tracey,Havens,TraceyHav,Tracey.Havens@gmail.com,UfqB9.SWNN4hR,True
Valera,Colleen,ValeraCol,Valera.Colleen@gmail.com,fWJI2l-,False
Clementine,Henebry,ClementineHen,Clementine.Henebry@gmail.com,z6NQm.d,False
Hannis,Abbot,HannisAbb,Hannis.Abbot@gmail.com,Q eDoj.TOq,False
Grier,Jorgan,GrierJor,Grier.Jorgan@gmail.com,n3qCyE,True
Philis,Jena,PhilisJen,Philis.Jena@gmail.com,xeh3Hl9IC laqUY,False
Brietta,Land,BriettaLan,Brietta.Land@gmail.com,kNkKexZNauEY,False
Mildrid,Gladstone,MildridGla,Mildrid.Gladstone@gmail.com,fupyhAhppu-FL,True
Elena,Peg,ElenaPeg,Elena.Peg@gmail.com,nYGDwN7,True
Nanete,Bashemeth,NaneteBas,Nanete.Bashemeth@gmail.com,JKfavBwTgSfFBQ,False
Meriel,Zachary,MerielZac,Meriel.Zachary@gmail.com,IZhFcu,False
Joelly,Friede,JoellyFri,Joelly.Friede@gmail.com,3iSpmjr,True
Paule,Marisa,PauleMar,Paule.Marisa@gmail.com,WrKA8p0OGy wD,False
Basia,Guthrie,BasiaGut,Basia.Guthrie@gmail.com,uEXMC4p5vJA,False
Andree,Norvol,AndreeNor,Andree.Norvol@gmail.com," K06.N",False
Shauna,Dash,ShaunaDas,Shauna.Dash@gmail.com," Mn5FiMMrgJyuW9",False
Dawn,Pattin,DawnPat,Dawn.Pattin@gmail.com,"ouwq0 ",False
Consuela,Loleta,ConsuelaLol,Consuela.Loleta@gmail.com,9AcBw,False
Randa,Syd,RandaSyd,Randa.Syd@gmail.com,mHyIin,False
Eadie,Urias,EadieUri,Eadie.Urias@gmail.com,u-sR.1mV,False
Di,Maples,DiMap,Di.Maples@gmail.com,"YsM  ",True
Addia,Corilla,AddiaCor,Addia.Corilla@gmail.com,26ogs,True
Maurene,Rudolph,MaureneRud,Maurene.Rudolph@gmail.com,rCn aSubxKE nO.,True
Lynea,Jobi,LyneaJob,Lynea.Jobi@gmail.com,OusUw2joI,False
Helsa,Sekofski,HelsaSek,Helsa.Sekofski@gmail.com,XaF1zs3,True
Talya,Hamil,TalyaHam,Talya.Hamil@gmail.com,cT0GxAzQY,False
Candi,Abbot,CandiAbb,Candi.Abbot@gmail.com,fb3UN,True
Allis,Maryanne,AllisMar,Allis.Maryanne@gmail.com,"h50Y3oBmxH ",True
Margalo,Hebner,MargaloHeb,Margalo.Hebner@gmail.com,CtycotENR.WL,True
Marleah,Henebry,MarleahHen,Marleah.Henebry@gmail.com,g77bsOTNQA2.LLF,False
Alexine,Pacorro,AlexinePac,Alexine.Pacorro@gmail.com,W Rj-Cuo,True
Melodie,Martsen,MelodieMar,Melodie.Martsen@gmail.com,v-yAwn4,False
Gwyneth,Jefferey,GwynethJef,Gwyneth.Jefferey@gmail.com,8n9IoY.1N9NOHP,False
Ethel,Goth,EthelGot,Ethel.Goth@gmail.com,4YbiQ0BVf,True
Ricky,Hepsibah,RickyHep,Ricky.Hepsibah@gmail.com,pIkG V5f,True
Hallie,Soneson,HallieSon,Hallie.Soneson@gmail.com,bVvmVLgQUP,False
Laurene,Stanwood,LaureneSta,Laurene.Stanwood@gmail.com,_0NrTsXKood3,False
Genevra,Macey,GenevraMac,Genevra.Macey@gmail.com,IYLA VPloi,False
Paule,Gordon,PauleGor,Paule.Gordon@gmail.com,frIB1B Eq_UGd5Y,True
Brietta,Hubert,BriettaHub,Brietta.Hubert@gmail.com,viludPV_aoE2mpV,False
Deloria,Sothena,DeloriaSot,Deloria.Sothena@gmail.com,oFzCkVGVSccz,True
Lynde,Mandler,LyndeMan,Lynde.Mandler@gmail.com,fkHTG,True
Di,Nisbet,DiNis,Di.Nisbet@gmail.com,WNNBi_mqm,True
Darci,Juan,DarciJua,Darci.Juan@gmail.com,apAA LcCyv,True
Rori,Jerald,RoriJer,Rori.Jerald@gmail.com,nUdxMyO,True
Kirstin,Capello,KirstinCap,Kirstin.Capello@gmail.com,GNgVY,False
Jemie,Keelia,JemieKee,Jemie.Keelia@gmail.com,dxTGP,True
Ezmeralda,Pyle,EzmeraldaPyl,Ezmeralda.Pyle@gmail.com,dG3y_HpNh0c.bF5,False
Maridel,Lane,MaridelLan,Maridel.Lane@gmail.com,"cs.ZQ4-vq ",False
Vonny,Juan,VonnyJua,Vonny.Juan@gmail.com,ErWAWIT,True
Sue,Kress,SueKre,Sue.Kress@gmail.com,uhDCx7J_a_,False
Binny,Skurnik,BinnySku,Binny.Skurnik@gmail.com,TC C5Ie 7LOo,True
Brianna,Junie,BriannaJun,Brianna.Junie@gmail.com,7GZW-0HhNG5,True
Georgina,Tound,GeorginaTou,Georgina.Tound@gmail.com,2OFMa0GSdOanaY,False
Dacia,Ellord,DaciaEll,Dacia.Ellord@gmail.com," rrPk-U",False
Corry,Jehu,CorryJeh,Corry.Jehu@gmail.com,pIdDlA.,True
Ericka,Andrel,ErickaAnd,Ericka.Andrel@gmail.com,Zcb7tALvADko,False
Chandra,Leifeste,ChandraLei,Chandra.Leifeste@gmail.com," YXH5naqP ",False
Hope,Merna,HopeMer,Hope.Merna@gmail.com,c8BYbPzNfBKe6R,True
Tori,Candy,ToriCan,Tori.Candy@gmail.com,7kuf2z7 G5Vu7q,False
Roslyn,Lay,RoslynLay,Roslyn.Lay@gmail.com," li9a-4Yr0ABwj",False
Fanny,Tippets,FannyTip,Fanny.Tippets@gmail.com,89CUn-EC-_Mh,False
Rosene,Braun,RoseneBra,Rosene.Braun@gmail.com,5NiVUXoYA2,True
Carol-Jean,Thornburg,Carol-JeanTho,Carol-Jean.Thornburg@gmail.com,jEDawM,False
Ellette,Earlie,ElletteEar,Ellette.Earlie@gmail.com,ZVdkxlEKiIDa4,False
Therine,Vary,TherineVar,Therine.Vary@gmail.com,2gF5QR345,False
Valera,Pattin,ValeraPat,Valera.Pattin@gmail.com,4sqkbeplAY_g,True
Lita,Dex,LitaDex,Lita.Dex@gmail.com,sSd4EM,False
Suzette,Cleo,SuzetteCle,Suzette.Cleo@gmail.com,g6SO32ZyZkVEsJ,False
Bobinette,Helfand,BobinetteHel,Bobinette.Helfand@gmail.com,q0ds13Yd_G,True
Belva,Tound,BelvaTou,Belva.Tound@gmail.com,Bhd5g8x8,True
Rosabelle,Slifka,RosabelleSli,Rosabelle.Slifka@gmail.com,YVKn6o s-pK54fU,False
Frieda,Bebe,FriedaBeb,Frieda.Bebe@gmail.com,ODvWpf,False
Vinita,Edvard,VinitaEdv,Vinita.Edvard@gmail.com,_oSLubKE7-N do,False
Alisha,Garlinda,AlishaGar,Alisha.Garlinda@gmail.com,FrUODRdkLZ,False
Kristina,Faust,KristinaFau,Kristina.Faust@gmail.com,"Z1lwZvYq ",False
Nicoli,Soneson,NicoliSon,Nicoli.Soneson@gmail.com,mN3kfF,False
Laure,Carolin,LaureCar,Laure.Carolin@gmail.com,3AC_mi9eJh,True
Pearline,Velick,PearlineVel,Pearline.Velick@gmail.com,woVmgN9rUx.,False
Courtnay,Melan,CourtnayMel,Courtnay.Melan@gmail.com,3POvYKAlLS,False
Cyb,Gillan,CybGil,Cyb.Gillan@gmail.com," iTwj",False
Dagmar,Connelly,DagmarCon,Dagmar.Connelly@gmail.com,u9OyL1lw,True
Claudina,Pelagias,ClaudinaPel,Claudina.Pelagias@gmail.com,dxPCMagkgUs,False
Heida,Evangelia,HeidaEva,Heida.Evangelia@gmail.com,MsZiz rQ,False
Starla,Ruvolo,StarlaRuv,Starla.Ruvolo@gmail.com,9PP va0s,False
Amalie,Damarra,AmalieDam,Amalie.Damarra@gmail.com,7rWAM_yW,False
Emma,Joachim,EmmaJoa,Emma.Joachim@gmail.com,VAZODeA t,True
Zondra,Douglass,ZondraDou,Zondra.Douglass@gmail.com,p4GRGx8E,False
Jacenta,Faro,JacentaFar,Jacenta.Faro@gmail.com,-DwWhu,False
Morganica,Ovid,MorganicaOvi,Morganica.Ovid@gmail.com,"rWhcFrP. ",True
Wendi,Corabella,WendiCor,Wendi.Corabella@gmail.com,gSV  7--rLT,True
Edyth,Gerge,EdythGer,Edyth.Gerge@gmail.com," THm_YmI2 ",False
Hallie,Kolnick,HallieKol,Hallie.Kolnick@gmail.com,LJo3Z.FT C,True
Sophia,Randene,SophiaRan,Sophia.Randene@gmail.com,29Ggu,True
Amalie,Karna,AmalieKar,Amalie.Karna@gmail.com,-uA-q.NIGz8,True
Roxane,Artie,RoxaneArt,Roxane.Artie@gmail.com,UugNX3dfZweAu,True
Kimmy,Elsinore,KimmyEls,Kimmy.Elsinore@gmail.com,JU8pcN,False
Lorne,Ball,LorneBal,Lorne.Ball@gmail.com,9 9Ys2d,True
Brianna,Kiyoshi,BriannaKiy,Brianna.Kiyoshi@gmail.com,Sw2WH85Jzu8s,True
Allyce,Pattin,AllycePat,Allyce.Pattin@gmail.com,H 1Rg5su,True
Tressa,McGrody,TressaMcG,Tressa.McGrody@gmail.com,PDmDWamy9Cee,True
Augustine,Ariella,AugustineAri,Augustine.Ariella@gmail.com,-OXiICSNUGB_eJA,True
Dede,Erskine,DedeErs,Dede.Erskine@gmail.com,ok Zx1.YLj 2Wy,False
Randa,Chrystel,RandaChr,Randa.Chrystel@gmail.com,-KUQ-Y7Xj9xi4wJ,False
Lilith,Muriel,LilithMur,Lilith.Muriel@gmail.com,zjrWtE0KarDAz,True
Karolina,Schroth,KarolinaSch,Karolina.Schroth@gmail.com,ZE3byulUxy1pZ2,False
Viki,Bonucci,VikiBon,Viki.Bonucci@gmail.com,6wbXgz8tgmm,True
Glynnis,Lipson,GlynnisLip,Glynnis.Lipson@gmail.com,"2 i5 ",True
Leeanne,Harned,LeeanneHar,Leeanne.Harned@gmail.com,"u35X1vC70WHLn ",False
Mady,Zitvaa,MadyZit,Mady.Zitvaa@gmail.com,qxb2vj4,False
Rayna,Lumbard,RaynaLum,Rayna.Lumbard@gmail.com,X-ElnL0VKk,False
Sabina,Vittoria,SabinaVit,Sabina.Vittoria@gmail.com,_XFCx-yh94Va,True
Louella,Faro,LouellaFar,Louella.Faro@gmail.com,vnZ9w dUY.eB,True
Annecorinne,Taima,AnnecorinneTai,Annecorinne.Taima@gmail.com,1Kr5D k,False
Melina,Sharl,MelinaSha,Melina.Sharl@gmail.com,NjvqIZ12Ww,False
Juliane,Ulphia,JulianeUlp,Juliane.Ulphia@gmail.com,t6a  5TT-DrW,False
Dorice,Firmin,DoriceFir,Dorice.Firmin@gmail.com,O2 gH.QN6n,False
Leona,Screens,LeonaScr,Leona.Screens@gmail.com,OQMf7Yg7eG,True
Noelle,Eldrid,NoelleEld,Noelle.Eldrid@gmail.com,FNO.MVRVur6O.F,False
Miquela,Kauppi,MiquelaKau,Miquela.Kauppi@gmail.com,KG.UvQ- DgLry1v,True
Vivia,Konyn,ViviaKon,Vivia.Konyn@gmail.com,Zhw.Q.KASydZ1a,True
Joane,Wenoa,JoaneWen,Joane.Wenoa@gmail.com,7yaFr,False
Kara-Lynn,Abbot,Kara-LynnAbb,Kara-Lynn.Abbot@gmail.com,wqMUHIb,False
Kial,Clarissa,KialCla,Kial.Clarissa@gmail.com,2dj 8c2fO,False
Candy,Rad,CandyRad,Candy.Rad@gmail.com,Wz-yNfDm,True
Mary,Ade,MaryAde,Mary.Ade@gmail.com,Ksryryc v,True
Livvyy,Gerge,LivvyyGer,Livvyy.Gerge@gmail.com,.N .jAWy2x1,False
Jasmina,Muriel,JasminaMur,Jasmina.Muriel@gmail.com,xXfWWPU,False
Kathi,Giule,KathiGiu,Kathi.Giule@gmail.com,KPP0kSRXS y-J,False
Lucille,Mike,LucilleMik,Lucille.Mike@gmail.com,gCX0R43Go1BbdwP,True
Briney,Holtz,BrineyHol,Briney.Holtz@gmail.com,OXvWTbrCa5MD7_M,True
Alyssa,Lissi,AlyssaLis,Alyssa.Lissi@gmail.com,-6OFvv-BV8J,False
Letizia,Annice,LetiziaAnn,Letizia.Annice@gmail.com,7DjhN,True
Andree,Darian,AndreeDar,Andree.Darian@gmail.com,dgzqtSxv27w,True
Andree,Wildermuth,AndreeWil,Andree.Wildermuth@gmail.com,qJkqGGT3J7,True
Blake,Argus,BlakeArg,Blake.Argus@gmail.com,8hMzygp,True
Michaelina,Emanuel,MichaelinaEma,Michaelina.Emanuel@gmail.com,"exTsy1.3 ",False
Lisette,Presber,LisettePre,Lisette.Presber@gmail.com,pTN9zGP,False
Betta,Neva,BettaNev,Betta.Neva@gmail.com,h-9EfHxAu,True
Ashlee,Phaidra,AshleePha,Ashlee.Phaidra@gmail.com,olFubFG2PN,False
Neila,Lattie,NeilaLat,Neila.Lattie@gmail.com,QYI4_gnde,False
Pearline,Lalitta,PearlineLal,Pearline.Lalitta@gmail.com,FIKQdF TKuOIJhh,True
Kary,Bibi,KaryBib,Kary.Bibi@gmail.com,iS -w7UTP2nGt5,False
Hollie,Eno,HollieEno,Hollie.Eno@gmail.com,KJFtOHK,True
Gratia,Roarke,GratiaRoa,Gratia.Roarke@gmail.com,42rEy5L6,True
Deirdre,Aprile,DeirdreApr,Deirdre.Aprile@gmail.com,qWv6IpUdTi,False
Dari,Wildermuth,DariWil,Dari.Wildermuth@gmail.com,SGg50,True
Shandie,Jary,ShandieJar,Shandie.Jary@gmail.com,Cu0QWxRDH,True
Donnie,Oster,DonnieOst,Donnie.Oster@gmail.com,sjD6Vl,True
Kaja,Ammann,KajaAmm,Kaja.Ammann@gmail.com,G3wf0,False
Maridel,Rebecka,MaridelReb,Maridel.Rebecka@gmail.com,XzvY IU Ji,True